{
  "description":"Description of theses Sites. Contains Locations and Zones.",
  "dir":"/levels/ks_nord/",
  "filename":"facilities.sites.json",
  "locations":{},
  "name":"facilities.sites.json",
  "parkingSpots":[
    {
      "color":[
        1,
        1,
        1
      ],
      "customFields":{
        "names":{},
        "tags":{},
        "types":{},
        "values":{}
      },
      "isMultiSpot":false,
      "name":"pitLaneMeParking2",
      "oldId":11,
      "pos":[
        -1210.8054199219,
        -2101.0344238281,
        437.28494262695
      ],
      "rot":[
        0,
        0,
        0.92434798874383,
        -0.38155051287452
      ],
      "scl":[
        3.25,
        8,
        4
      ],
      "spotAmount":1,
      "spotDirection":"Left",
      "spotOffset":0,
      "spotRotation":0
    },
    {
      "color":[
        1,
        1,
        1
      ],
      "customFields":{
        "names":{},
        "tags":{},
        "types":{},
        "values":{}
      },
      "isMultiSpot":false,
      "name":"pitLaneMeParking1",
      "oldId":12,
      "pos":[
        -1204.1479492188,
        -2100.0593261719,
        437.3307800293
      ],
      "rot":[
        0,
        0,
        0.92459618935325,
        -0.38094907983647
      ],
      "scl":[
        3.25,
        8,
        4
      ],
      "spotAmount":1,
      "spotDirection":"Left",
      "spotOffset":0,
      "spotRotation":0
    }
  ],
  "zones":[
    {
      "bot":{
        "active":false,
        "normal":[
          0,
          0,
          -1
        ],
        "pos":[
          0,
          0,
          -10
        ]
      },
      "color":[
        1,
        1,
        1
      ],
      "customFields":{
        "names":{},
        "tags":{},
        "types":{},
        "values":{}
      },
      "name":"pitLaneMe",
      "oldId":10,
      "top":{
        "active":false,
        "normal":[
          0,
          0,
          1
        ],
        "pos":[
          0,
          0,
          10
        ]
      },
      "vertices":[
        [
          -1203.7998046875,
          -2089.6647949219,
          437.20101928711
        ],
        [
          -1214.0725097656,
          -2100.1186523438,
          437.19915771484
        ],
        [
          -1207.0415039063,
          -2106.6979980469,
          437.36761474609
        ],
        [
          -1197.1234130859,
          -2096.435546875,
          437.47961425781
        ]
      ]
    }
  ]
}